{"CA06": {"network": "GS", "channels": ["HHZ", "HH2", "HH1"], "coords": [35.59962, -117.49268, 796.4]}, "CA10": {"network": "GS", "channels": ["HN2", "HN1", "HNZ"], "coords": [35.56736, -117.66743, 835.9]}, "B921": {"network": "PB", "channels": ["RKD", "RS3", "LS1", "QRD", "RRO", "RS4", "LHZ", "RK2", "VEA", "QBD", "LDO", "RS1", "RCC", "VCO", "EHZ", "QBP", "EH2", "LS3", "RCA", "QRT", "RCB", "EH1", "BS2", "REO", "LH1", "RS2", "VPB", "LCE", "QDL", "VEC", "RCD", "RE2", "LS4", "LCC", "RE1", "LS2", "QGD", "QG1", "LCL", "RK1", "QLD", "RDO", "QDR", "LPL", "QWD", "BS3", "VKI", "BS1", "LH2", "VEP", "LCQ", "BS4"], "coords": [35.5865, -117.4622, 694.5]}, "SV08": {"network": "ZY", "channels": ["HHE", "HHZ", "HHN"], "coords": [35.5761, -117.4187, 604.0]}}